{
  "timestamp": "2026-06-24 09:37:39",
  "fp32": {
    "model_name": "FP32",
    "model_path": "E:\\ai-intern\\quantization-yolov5\\weights\\magnitude_0.3_recovered_fp32.onnx",
    "model_size_mb": 27.599478721618652,
    "avg_latency_ms": 127.76342800000025,
    "min_latency_ms": 84.63669999999723,
    "max_latency_ms": 168.12949999999915,
    "std_latency_ms": 18.416143260569587,
    "p95_latency_ms": 157.78901500000018,
    "p99_latency_ms": 168.1247479999999,
    "throughput_fps": 7.826965945215544,
    "total_time_sec": 12.776342800000023,
    "peak_memory_mb": 16.41644287109375,
    "avg_memory_mb": 16.36651372909546,
    "num_iterations": 100,
    "num_images": 20,
    "warmup_iterations": 10
  },
  "fp16": null,
  "comparison": {
    "latency_speedup": 0,
    "latency_reduction_pct": 0,
    "throughput_improvement": 0,
    "size_reduction_pct": 0
  }
}